day,p3,p15,p50,p85,p97
0,32.073,33.145,34.462,35.778,36.851
1,32.185,33.252,34.562,35.872,36.939
2,32.299,33.36,34.662,35.964,37.025
3,32.412,33.467,34.763,36.058,37.113
4,32.526,33.575,34.863,36.15,37.2
5,32.64,33.683,34.963,36.243,37.286
6,32.753,33.79,35.063,36.336,37.373
7,32.867,33.898,35.163,36.429,37.46
8,32.981,34.006,35.264,36.521,37.546
9,33.095,34.114,35.364,36.614,37.633
10,33.21,34.222,35.464,36.706,37.718
11,33.324,34.329,35.564,36.799,37.805
12,33.438,34.438,35.665,36.891,37.891
13,33.553,34.546,35.765,36.983,37.976
14,33.667,34.654,35.865,37.076,38.063
15,33.768,34.754,35.965,37.176,38.162
16,33.866,34.853,36.063,37.274,38.26
17,33.962,34.949,36.159,37.369,38.356
18,34.056,35.042,36.253,37.463,38.449
19,34.148,35.134,36.344,37.554,38.54
20,34.238,35.224,36.434,37.644,38.63
21,34.326,35.311,36.522,37.732,38.718
22,34.412,35.398,36.608,37.818,38.803
23,34.496,35.482,36.692,37.902,38.888
24,34.579,35.565,36.775,37.985,38.971
25,34.661,35.646,36.857,38.067,39.053
26,34.741,35.726,36.937,38.147,39.133
27,34.819,35.805,37.015,38.225,39.211
28,34.896,35.882,37.093,38.303,39.289
29,34.973,35.959,37.169,38.379,39.364
30,35.048,36.033,37.244,38.454,39.439
31,35.121,36.107,37.317,38.527,39.513
32,35.194,36.18,37.39,38.6,39.586
33,35.264,36.251,37.461,38.672,39.658
34,35.335,36.321,37.532,38.742,39.728
35,35.404,36.39,37.601,38.812,39.798
36,35.472,36.459,37.669,38.88,39.866
37,35.539,36.526,37.737,38.948,39.934
38,35.606,36.592,37.803,39.014,40.001
39,35.671,36.658,37.869,39.08,40.067
40,35.736,36.722,37.934,39.145,40.132
41,35.8,36.786,37.998,39.209,40.196
42,35.862,36.849,38.061,39.273,40.26
43,35.924,36.911,38.123,39.335,40.322
44,35.986,36.973,38.185,39.397,40.384
45,36.046,37.034,38.246,39.458,40.446
46,36.106,37.094,38.306,39.519,40.506
47,36.165,37.153,38.366,39.578,40.566
48,36.224,37.212,38.424,39.637,40.625
49,36.281,37.27,38.482,39.695,40.683
50,36.339,37.327,38.54,39.753,40.741
51,36.395,37.384,38.597,39.81,40.799
52,36.451,37.44,38.653,39.866,40.855
53,36.506,37.495,38.709,39.922,40.911
54,36.561,37.55,38.764,39.978,40.966
55,36.615,37.604,38.818,40.033,41.022
56,36.669,37.658,38.872,40.087,41.076
57,36.722,37.711,38.926,40.14,41.129
58,36.774,37.764,38.979,40.194,41.183
59,36.827,37.816,39.031,40.246,41.236
60,36.878,37.868,39.083,40.299,41.289
61,36.929,37.919,39.135,40.351,41.341
62,36.98,37.971,39.186,40.402,41.392
63,37.03,38.021,39.237,40.453,41.443
64,37.08,38.071,39.287,40.503,41.494
65,37.129,38.12,39.337,40.553,41.545
66,37.178,38.169,39.386,40.603,41.595
67,37.227,38.218,39.435,40.652,41.644
68,37.275,38.266,39.484,40.701,41.693
69,37.322,38.314,39.532,40.75,41.742
70,37.37,38.362,39.58,40.798,41.79
71,37.417,38.409,39.627,40.845,41.838
72,37.463,38.456,39.674,40.892,41.885
73,37.509,38.502,39.721,40.94,41.933
74,37.554,38.548,39.767,40.986,41.979
75,37.6,38.593,39.813,41.032,42.025
76,37.644,38.638,39.858,41.078,42.072
77,37.689,38.683,39.903,41.123,42.117
78,37.733,38.727,39.948,41.169,42.163
79,37.777,38.772,39.992,41.213,42.208
80,37.82,38.815,40.037,41.258,42.253
81,37.864,38.859,40.08,41.302,42.297
82,37.907,38.902,40.124,41.345,42.341
83,37.949,38.945,40.167,41.389,42.385
84,37.991,38.987,40.21,41.432,42.428
85,38.033,39.029,40.252,41.475,42.471
86,38.075,39.071,40.294,41.518,42.514
87,38.116,39.113,40.336,41.56,42.557
88,38.156,39.154,40.378,41.602,42.599
89,38.198,39.195,40.419,41.643,42.64
90,38.238,39.236,40.46,41.685,42.682
91,38.278,39.276,40.501,41.726,42.724
92,38.318,39.316,40.541,41.767,42.765
93,38.357,39.356,40.582,41.807,42.806
94,38.397,39.395,40.621,41.847,42.846
95,38.436,39.435,40.661,41.887,42.887
96,38.474,39.474,40.701,41.927,42.927
97,38.512,39.512,40.74,41.967,42.967
98,38.55,39.551,40.779,42.006,43.007
99,38.589,39.589,40.817,42.045,43.046
100,38.626,39.627,40.856,42.084,43.085
101,38.664,39.665,40.894,42.122,43.123
102,38.701,39.702,40.932,42.161,43.162
103,38.738,39.739,40.969,42.199,43.201
104,38.775,39.777,41.007,42.236,43.238
105,38.81,39.813,41.044,42.274,43.277
106,38.847,39.85,41.081,42.311,43.314
107,38.883,39.886,41.117,42.348,43.351
108,38.918,39.922,41.154,42.385,43.389
109,38.954,39.958,41.19,42.422,43.426
110,38.989,39.993,41.226,42.458,43.463
111,39.024,40.029,41.262,42.494,43.499
112,39.059,40.063,41.297,42.531,43.535
113,39.093,40.099,41.332,42.566,43.571
114,39.127,40.133,41.367,42.602,43.607
115,39.162,40.168,41.402,42.637,43.642
116,39.195,40.202,41.437,42.672,43.678
117,39.229,40.235,41.471,42.707,43.714
118,39.263,40.27,41.505,42.741,43.748
119,39.296,40.303,41.539,42.776,43.783
120,39.328,40.336,41.573,42.81,43.818
121,39.362,40.37,41.607,42.844,43.852
122,39.394,40.402,41.64,42.878,43.886
123,39.426,40.435,41.673,42.912,43.92
124,39.459,40.468,41.706,42.945,43.954
125,39.491,40.5,41.739,42.978,43.987
126,39.522,40.532,41.772,43.011,44.021
127,39.554,40.564,41.804,43.044,44.054
128,39.585,40.595,41.836,43.077,44.087
129,39.617,40.627,41.868,43.109,44.119
130,39.647,40.659,41.9,43.141,44.152
131,39.678,40.69,41.931,43.173,44.184
132,39.709,40.721,41.963,43.205,44.217
133,39.739,40.751,41.994,43.237,44.249
134,39.769,40.782,42.025,43.268,44.281
135,39.799,40.812,42.056,43.299,44.312
136,39.829,40.842,42.086,43.33,44.344
137,39.858,40.872,42.117,43.361,44.375
138,39.888,40.902,42.147,43.392,44.406
139,39.917,40.932,42.177,43.423,44.437
140,39.946,40.961,42.207,43.453,44.468
141,39.975,40.991,42.237,43.483,44.498
142,40.004,41.02,42.266,43.513,44.529
143,40.033,41.049,42.296,43.543,44.559
144,40.061,41.077,42.325,43.572,44.589
145,40.089,41.106,42.354,43.602,44.619
146,40.117,41.134,42.383,43.631,44.648
147,40.145,41.163,42.412,43.66,44.678
148,40.173,41.191,42.44,43.689,44.707
149,40.201,41.219,42.468,43.718,44.736
150,40.227,41.246,42.497,43.747,44.766
151,40.255,41.274,42.525,43.775,44.794
152,40.282,41.301,42.552,43.804,44.823
153,40.309,41.329,42.58,43.832,44.851
154,40.336,41.356,42.608,43.86,44.879
155,40.362,41.382,42.635,43.888,44.908
156,40.388,41.409,42.662,43.915,44.936
157,40.415,41.436,42.689,43.943,44.964
158,40.441,41.462,42.716,43.97,44.991
159,40.466,41.488,42.743,43.997,45.019
160,40.492,41.514,42.769,44.024,45.047
161,40.518,41.54,42.796,44.051,45.074
162,40.543,41.566,42.822,44.077,45.1
163,40.568,41.592,42.848,44.104,45.128
164,40.594,41.617,42.874,44.131,45.154
165,40.619,41.643,42.9,44.157,45.181
166,40.643,41.668,42.925,44.183,45.208
167,40.668,41.693,42.951,44.209,45.234
168,40.693,41.718,42.976,44.235,45.26
169,40.717,41.742,43.001,44.26,45.286
170,40.741,41.767,43.026,44.286,45.312
171,40.765,41.792,43.051,44.311,45.337
172,40.789,41.816,43.076,44.336,45.363
173,40.813,41.84,43.101,44.361,45.388
174,40.836,41.864,43.125,44.387,45.414
175,40.86,41.888,43.15,44.411,45.439
176,40.884,41.912,43.174,44.436,45.464
177,40.907,41.935,43.198,44.46,45.489
178,40.93,41.959,43.222,44.485,45.513
179,40.953,41.982,43.246,44.509,45.538
180,40.976,42.005,43.269,44.533,45.562
181,40.998,42.028,43.293,44.557,45.587
182,41.021,42.051,43.316,44.581,45.611
183,41.043,42.074,43.339,44.605,45.636
184,41.066,42.097,43.362,44.628,45.659
185,41.088,42.119,43.385,44.652,45.683
186,41.11,42.142,43.408,44.675,45.707
187,41.132,42.164,43.431,44.698,45.73
188,41.154,42.186,43.454,44.721,45.753
189,41.175,42.208,43.476,44.744,45.777
190,41.197,42.23,43.498,44.767,45.8
191,41.218,42.252,43.521,44.789,45.823
192,41.24,42.274,43.543,44.812,45.846
193,41.261,42.295,43.565,44.834,45.869
194,41.282,42.317,43.587,44.856,45.891
195,41.303,42.338,43.608,44.879,45.914
196,41.324,42.359,43.63,44.9,45.936
197,41.344,42.38,43.651,44.923,45.958
198,41.365,42.401,43.673,44.945,45.981
199,41.385,42.422,43.694,44.966,46.002
200,41.405,42.442,43.715,44.988,46.025
201,41.426,42.463,43.736,45.009,46.046
202,41.446,42.483,43.757,45.03,46.068
203,41.466,42.504,43.778,45.052,46.09
204,41.486,42.524,43.798,45.073,46.111
205,41.505,42.544,43.819,45.094,46.132
206,41.525,42.564,43.839,45.115,46.154
207,41.545,42.584,43.86,45.135,46.174
208,41.564,42.604,43.88,45.156,46.196
209,41.583,42.623,43.9,45.177,46.217
210,41.603,42.643,43.92,45.197,46.237
211,41.622,42.662,43.94,45.217,46.258
212,41.64,42.681,43.959,45.237,46.279
213,41.66,42.701,43.979,45.257,46.298
214,41.678,42.72,43.999,45.277,46.319
215,41.697,42.739,44.018,45.297,46.34
216,41.716,42.758,44.037,45.317,46.359
217,41.734,42.777,44.057,45.336,46.379
218,41.752,42.795,44.076,45.356,46.399
219,41.771,42.814,44.095,45.375,46.418
220,41.789,42.833,44.114,45.395,46.438
221,41.807,42.851,44.133,45.414,46.458
222,41.825,42.869,44.151,45.433,46.477
223,41.843,42.888,44.17,45.452,46.497
224,41.86,42.905,44.188,45.471,46.516
225,41.878,42.923,44.207,45.49,46.536
226,41.896,42.942,44.225,45.508,46.554
227,41.913,42.959,44.243,45.527,46.573
228,41.93,42.977,44.261,45.546,46.592
229,41.947,42.994,44.279,45.564,46.611
230,41.965,43.012,44.297,45.582,46.629
231,41.982,43.029,44.315,45.601,46.648
232,41.999,43.047,44.333,45.619,46.667
233,42.016,43.064,44.35,45.637,46.685
234,42.033,43.081,44.368,45.655,46.703
235,42.05,43.098,44.385,45.673,46.721
236,42.066,43.115,44.403,45.69,46.739
237,42.082,43.132,44.42,45.708,46.758
238,42.099,43.149,44.437,45.726,46.776
239,42.116,43.166,44.454,45.743,46.793
240,42.132,43.182,44.471,45.76,46.811
241,42.148,43.199,44.488,45.778,46.829
242,42.164,43.215,44.505,45.795,46.846
243,42.18,43.231,44.522,45.812,46.864
244,42.196,43.248,44.538,45.829,46.881
245,42.212,43.264,44.555,45.846,46.898
246,42.228,43.28,44.571,45.863,46.915
247,42.243,43.296,44.588,45.88,46.933
248,42.259,43.312,44.604,45.897,46.95
249,42.275,43.328,44.62,45.913,46.966
250,42.29,43.343,44.637,45.93,46.983
251,42.305,43.359,44.653,45.946,47
252,42.32,43.375,44.669,45.962,47.017
253,42.335,43.39,44.684,45.979,47.033
254,42.35,43.405,44.7,45.995,47.05
255,42.366,43.421,44.716,46.011,47.066
256,42.381,43.436,44.732,46.027,47.082
257,42.396,43.451,44.747,46.043,47.099
258,42.41,43.466,44.763,46.059,47.115
259,42.425,43.481,44.778,46.075,47.131
260,42.44,43.496,44.794,46.091,47.147
261,42.454,43.511,44.809,46.106,47.163
262,42.469,43.526,44.824,46.122,47.179
263,42.484,43.541,44.839,46.137,47.195
264,42.498,43.556,44.854,46.153,47.21
265,42.512,43.57,44.869,46.168,47.226
266,42.526,43.585,44.884,46.183,47.242
267,42.54,43.599,44.899,46.199,47.257
268,42.554,43.613,44.914,46.214,47.273
269,42.568,43.628,44.928,46.229,47.288
270,42.583,43.642,44.943,46.243,47.303
271,42.597,43.657,44.958,46.258,47.318
272,42.61,43.671,44.972,46.273,47.334
273,42.624,43.685,44.986,46.288,47.349
274,42.638,43.699,45.001,46.303,47.364
275,42.651,43.712,45.015,46.318,47.379
276,42.665,43.726,45.029,46.332,47.394
277,42.678,43.74,45.043,46.347,47.409
278,42.691,43.753,45.057,46.361,47.423
279,42.705,43.768,45.071,46.375,47.437
280,42.719,43.781,45.085,46.389,47.452
281,42.732,43.795,45.099,46.404,47.466
282,42.745,43.808,45.113,46.418,47.481
283,42.758,43.821,45.127,46.432,47.496
284,42.771,43.835,45.14,46.446,47.51
285,42.784,43.848,45.154,46.46,47.524
286,42.796,43.861,45.167,46.474,47.538
287,42.809,43.874,45.181,46.488,47.553
288,42.822,43.887,45.194,46.502,47.567
289,42.835,43.9,45.208,46.515,47.581
290,42.847,43.913,45.221,46.529,47.595
291,42.86,43.926,45.234,46.542,47.608
292,42.873,43.939,45.247,46.556,47.622
293,42.885,43.952,45.26,46.569,47.635
294,42.898,43.964,45.273,46.583,47.649
295,42.91,43.977,45.286,46.596,47.663
296,42.922,43.989,45.299,46.609,47.676
297,42.934,44.002,45.312,46.622,47.69
298,42.947,44.014,45.325,46.636,47.703
299,42.959,44.027,45.338,46.649,47.717
300,42.971,44.039,45.35,46.662,47.73
301,42.983,44.051,45.363,46.675,47.743
302,42.994,44.063,45.376,46.688,47.757
303,43.006,44.076,45.388,46.7,47.77
304,43.018,44.088,45.4,46.713,47.783
305,43.03,44.1,45.413,46.726,47.796
306,43.041,44.112,45.425,46.739,47.809
307,43.054,44.124,45.437,46.751,47.821
308,43.066,44.136,45.45,46.763,47.834
309,43.077,44.148,45.462,46.776,47.847
310,43.089,44.159,45.474,46.788,47.859
311,43.1,44.171,45.486,46.801,47.872
312,43.111,44.183,45.498,46.813,47.885
313,43.123,44.194,45.51,46.825,47.897
314,43.134,44.206,45.522,46.838,47.91
315,43.145,44.217,45.534,46.85,47.922
316,43.156,44.229,45.545,46.862,47.934
317,43.167,44.24,45.557,46.874,47.947
318,43.178,44.251,45.569,46.886,47.959
319,43.189,44.263,45.58,46.898,47.971
320,43.2,44.274,45.592,46.91,47.983
321,43.211,44.285,45.603,46.922,47.996
322,43.222,44.296,45.615,46.933,48.008
323,43.233,44.307,45.626,46.945,48.02
324,43.244,44.318,45.638,46.957,48.032
325,43.254,44.329,45.649,46.968,48.043
326,43.265,44.34,45.66,46.98,48.055
327,43.276,44.351,45.671,46.992,48.067
328,43.286,44.362,45.683,47.003,48.079
329,43.297,44.373,45.694,47.015,48.091
330,43.307,44.384,45.705,47.026,48.102
331,43.318,44.394,45.716,47.037,48.114
332,43.328,44.405,45.727,47.048,48.125
333,43.338,44.416,45.738,47.06,48.137
334,43.349,44.426,45.749,47.071,48.148
335,43.359,44.437,45.759,47.082,48.16
336,43.369,44.447,45.77,47.093,48.171
337,43.379,44.457,45.781,47.104,48.182
338,43.389,44.468,45.792,47.115,48.194
339,43.4,44.478,45.802,47.126,48.205
340,43.41,44.489,45.813,47.137,48.216
341,43.42,44.499,45.823,47.147,48.226
342,43.43,44.509,45.834,47.158,48.237
343,43.44,44.52,45.844,47.169,48.248
344,43.45,44.53,45.855,47.18,48.259
345,43.46,44.54,45.865,47.19,48.27
346,43.47,44.55,45.875,47.201,48.281
347,43.48,44.56,45.886,47.212,48.292
348,43.489,44.57,45.896,47.222,48.303
349,43.499,44.58,45.906,47.233,48.313
350,43.509,44.59,45.916,47.243,48.324
351,43.518,44.599,45.926,47.253,48.335
352,43.528,44.609,45.936,47.264,48.345
353,43.537,44.619,45.947,47.274,48.356
354,43.547,44.629,45.957,47.284,48.366
355,43.556,44.638,45.966,47.295,48.377
356,43.565,44.648,45.976,47.305,48.387
357,43.575,44.657,45.986,47.315,48.398
358,43.584,44.667,45.996,47.325,48.408
359,43.593,44.676,46.006,47.335,48.418
360,43.603,44.686,46.016,47.345,48.428
361,43.612,44.695,46.025,47.355,48.439
362,43.62,44.704,46.035,47.366,48.45
363,43.629,44.714,46.045,47.375,48.46
364,43.638,44.723,46.054,47.385,48.47
365,43.647,44.732,46.064,47.395,48.48
366,43.656,44.741,46.073,47.405,48.49
367,43.665,44.751,46.083,47.415,48.5
368,43.674,44.76,46.092,47.424,48.51
369,43.683,44.769,46.102,47.434,48.52
370,43.692,44.778,46.111,47.444,48.53
371,43.701,44.787,46.12,47.453,48.539
372,43.71,44.796,46.13,47.463,48.549
373,43.718,44.805,46.139,47.472,48.559
374,43.727,44.814,46.148,47.482,48.569
375,43.736,44.823,46.157,47.491,48.578
376,43.745,44.832,46.166,47.501,48.588
377,43.753,44.841,46.175,47.51,48.598
378,43.762,44.849,46.185,47.52,48.607
379,43.77,44.858,46.194,47.529,48.617
380,43.779,44.867,46.203,47.538,48.626
381,43.787,44.876,46.212,47.547,48.636
382,43.796,44.884,46.22,47.556,48.645
383,43.804,44.893,46.229,47.566,48.654
384,43.813,44.902,46.238,47.575,48.664
385,43.821,44.91,46.247,47.584,48.673
386,43.83,44.919,46.256,47.593,48.682
387,43.838,44.927,46.265,47.602,48.691
388,43.846,44.936,46.273,47.611,48.701
389,43.854,44.944,46.282,47.62,48.71
390,43.863,44.953,46.291,47.629,48.719
391,43.871,44.961,46.299,47.638,48.728
392,43.879,44.969,46.308,47.647,48.737
393,43.887,44.978,46.317,47.655,48.746
394,43.895,44.986,46.325,47.664,48.755
395,43.903,44.994,46.334,47.673,48.764
396,43.911,45.003,46.342,47.682,48.773
397,43.919,45.011,46.351,47.69,48.782
398,43.927,45.019,46.359,47.699,48.791
399,43.935,45.027,46.367,47.708,48.8
400,43.943,45.035,46.376,47.716,48.808
401,43.951,45.043,46.384,47.725,48.817
402,43.958,45.051,46.392,47.734,48.827
403,43.966,45.059,46.401,47.742,48.836
404,43.974,45.067,46.409,47.751,48.844
405,43.981,45.075,46.417,47.759,48.853
406,43.989,45.083,46.425,47.768,48.862
407,43.997,45.091,46.434,47.776,48.87
408,44.005,45.099,46.442,47.785,48.879
409,44.012,45.107,46.45,47.793,48.887
410,44.02,45.114,46.458,47.801,48.896
411,44.028,45.122,46.466,47.81,48.904
412,44.035,45.13,46.474,47.818,48.913
413,44.043,45.138,46.482,47.826,48.921
414,44.05,45.146,46.49,47.834,48.929
415,44.058,45.153,46.498,47.842,48.938
416,44.065,45.161,46.506,47.85,48.946
417,44.073,45.169,46.514,47.859,48.954
418,44.08,45.176,46.522,47.867,48.963
419,44.088,45.184,46.529,47.875,48.971
420,44.095,45.191,46.537,47.883,48.979
421,44.102,45.199,46.545,47.891,48.987
422,44.11,45.207,46.553,47.899,48.996
423,44.117,45.214,46.56,47.907,49.004
424,44.124,45.222,46.568,47.915,49.012
425,44.131,45.229,46.576,47.923,49.021
426,44.138,45.236,46.583,47.931,49.029
427,44.145,45.243,46.591,47.939,49.037
428,44.153,45.251,46.599,47.947,49.045
429,44.16,45.258,46.606,47.954,49.053
430,44.167,45.265,46.614,47.962,49.061
431,44.174,45.273,46.621,47.97,49.069
432,44.181,45.28,46.629,47.978,49.076
433,44.188,45.287,46.636,47.985,49.084
434,44.195,45.295,46.644,47.993,49.092
435,44.202,45.302,46.651,48.001,49.1
436,44.209,45.309,46.659,48.008,49.108
437,44.216,45.316,46.666,48.016,49.116
438,44.223,45.323,46.673,48.024,49.123
439,44.23,45.33,46.681,48.031,49.131
440,44.237,45.337,46.688,48.039,49.139
441,44.244,45.345,46.695,48.046,49.146
442,44.251,45.352,46.703,48.054,49.154
443,44.257,45.358,46.71,48.061,49.163
444,44.264,45.365,46.717,48.069,49.17
445,44.271,45.372,46.724,48.076,49.178
446,44.277,45.379,46.731,48.084,49.185
447,44.284,45.386,46.739,48.091,49.193
448,44.291,45.393,46.746,48.098,49.2
449,44.298,45.4,46.753,48.106,49.208
450,44.305,45.407,46.76,48.113,49.215
451,44.311,45.414,46.767,48.12,49.223
452,44.318,45.421,46.774,48.128,49.23
453,44.325,45.427,46.781,48.135,49.238
454,44.331,45.434,46.788,48.142,49.245
455,44.338,45.441,46.795,48.149,49.252
456,44.344,45.448,46.802,48.156,49.26
457,44.351,45.454,46.809,48.164,49.267
458,44.358,45.461,46.816,48.171,49.274
459,44.363,45.467,46.823,48.178,49.283
460,44.37,45.474,46.83,48.185,49.29
461,44.376,45.481,46.837,48.192,49.297
462,44.383,45.487,46.844,48.2,49.304
463,44.389,45.494,46.85,48.207,49.311
464,44.396,45.501,46.857,48.213,49.319
465,44.402,45.507,46.864,48.22,49.326
466,44.409,45.514,46.871,48.227,49.333
467,44.415,45.521,46.878,48.234,49.34
468,44.421,45.527,46.884,48.241,49.347
469,44.428,45.534,46.891,48.248,49.354
470,44.434,45.54,46.898,48.255,49.361
471,44.44,45.547,46.904,48.262,49.368
472,44.447,45.553,46.911,48.269,49.375
473,44.452,45.559,46.918,48.276,49.383
474,44.458,45.565,46.924,48.283,49.39
475,44.465,45.572,46.931,48.29,49.397
476,44.471,45.578,46.937,48.297,49.404
477,44.477,45.585,46.944,48.303,49.411
478,44.483,45.591,46.951,48.31,49.418
479,44.49,45.597,46.957,48.317,49.425
480,44.496,45.604,46.964,48.324,49.432
481,44.502,45.61,46.97,48.33,49.438
482,44.508,45.616,46.977,48.337,49.445
483,44.514,45.623,46.983,48.344,49.452
484,44.52,45.629,46.99,48.35,49.459
485,44.526,45.635,46.996,48.357,49.466
486,44.532,45.641,47.002,48.364,49.473
487,44.538,45.647,47.009,48.371,49.48
488,44.544,45.653,47.015,48.377,49.487
489,44.55,45.659,47.022,48.384,49.493
490,44.556,45.666,47.028,48.39,49.5
491,44.562,45.672,47.034,48.397,49.507
492,44.568,45.678,47.041,48.403,49.513
493,44.574,45.684,47.047,48.41,49.52
494,44.58,45.69,47.053,48.416,49.527
495,44.586,45.696,47.059,48.423,49.533
496,44.592,45.702,47.066,48.429,49.54
497,44.597,45.708,47.072,48.435,49.546
498,44.603,45.714,47.078,48.442,49.553
499,44.608,45.72,47.084,48.449,49.56
500,44.614,45.726,47.091,48.455,49.567
501,44.62,45.732,47.097,48.462,49.573
502,44.626,45.738,47.103,48.468,49.58
503,44.632,45.744,47.109,48.474,49.586
504,44.638,45.75,47.115,48.481,49.593
505,44.643,45.756,47.121,48.487,49.599
506,44.649,45.762,47.127,48.493,49.606
507,44.655,45.768,47.134,48.499,49.612
508,44.661,45.774,47.14,48.506,49.619
509,44.666,45.779,47.146,48.512,49.625
510,44.672,45.785,47.152,48.518,49.631
511,44.677,45.791,47.158,48.525,49.638
512,44.683,45.796,47.164,48.531,49.645
513,44.688,45.802,47.17,48.537,49.651
514,44.694,45.808,47.176,48.543,49.657
515,44.7,45.814,47.182,48.549,49.664
516,44.705,45.82,47.188,48.556,49.67
517,44.711,45.826,47.194,48.562,49.676
518,44.717,45.831,47.2,48.568,49.682
519,44.722,45.837,47.206,48.574,49.689
520,44.728,45.843,47.211,48.58,49.695
521,44.733,45.849,47.217,48.586,49.701
522,44.739,45.854,47.223,48.592,49.707
523,44.744,45.859,47.229,48.599,49.714
524,44.749,45.865,47.235,48.605,49.721
525,44.755,45.871,47.241,48.611,49.727
526,44.76,45.876,47.247,48.617,49.733
527,44.766,45.882,47.252,48.623,49.739
528,44.771,45.888,47.258,48.629,49.745
529,44.777,45.893,47.264,48.635,49.751
530,44.782,45.899,47.27,48.641,49.757
531,44.788,45.905,47.276,48.646,49.763
532,44.793,45.91,47.281,48.652,49.769
533,44.799,45.916,47.287,48.658,49.775
534,44.803,45.921,47.293,48.665,49.782
535,44.809,45.926,47.299,48.671,49.788
536,44.814,45.932,47.304,48.676,49.794
537,44.819,45.937,47.31,48.682,49.8
538,44.825,45.943,47.316,48.688,49.806
539,44.83,45.949,47.321,48.694,49.812
540,44.835,45.954,47.327,48.7,49.818
541,44.841,45.959,47.333,48.706,49.824
542,44.846,45.965,47.338,48.711,49.83
543,44.851,45.97,47.344,48.717,49.836
544,44.856,45.975,47.349,48.723,49.843
545,44.861,45.981,47.355,48.729,49.849
546,44.866,45.986,47.361,48.735,49.855
547,44.872,45.992,47.366,48.741,49.861
548,44.877,45.997,47.372,48.747,49.867
549,44.882,46.003,47.377,48.752,49.872
550,44.888,46.008,47.383,48.758,49.878
551,44.893,46.013,47.388,48.764,49.884
552,44.898,46.019,47.394,48.769,49.89
553,44.903,46.024,47.4,48.775,49.896
554,44.909,46.029,47.405,48.781,49.901
555,44.913,46.034,47.411,48.787,49.908
556,44.918,46.039,47.416,48.793,49.914
557,44.923,46.045,47.422,48.798,49.92
558,44.928,46.05,47.427,48.804,49.925
559,44.934,46.055,47.432,48.809,49.931
560,44.939,46.061,47.438,48.815,49.937
561,44.944,46.066,47.443,48.82,49.943
562,44.949,46.071,47.449,48.826,49.948
563,44.954,46.076,47.454,48.832,49.954
564,44.959,46.082,47.46,48.837,49.96
565,44.964,46.086,47.465,48.843,49.966
566,44.969,46.092,47.47,48.849,49.972
567,44.974,46.097,47.476,48.854,49.978
568,44.979,46.102,47.481,48.86,49.983
569,44.984,46.107,47.486,48.865,49.989
570,44.989,46.113,47.492,48.871,49.995
571,44.994,46.118,47.497,48.876,50
572,44.999,46.123,47.502,48.882,50.006
573,45.004,46.128,47.508,48.887,50.011
574,45.009,46.133,47.513,48.893,50.017
575,45.013,46.138,47.518,48.899,50.023
576,45.018,46.143,47.524,48.904,50.029
577,45.023,46.148,47.529,48.91,50.034
578,45.028,46.153,47.534,48.915,50.04
579,45.033,46.158,47.539,48.92,50.046
580,45.038,46.163,47.545,48.926,50.051
581,45.043,46.168,47.55,48.931,50.057
582,45.048,46.174,47.555,48.937,50.062
583,45.053,46.179,47.56,48.942,50.068
584,45.057,46.183,47.566,48.948,50.074
585,45.062,46.188,47.571,48.953,50.079
586,45.067,46.193,47.576,48.959,50.085
587,45.072,46.198,47.581,48.964,50.09
588,45.077,46.203,47.586,48.969,50.096
589,45.082,46.208,47.592,48.975,50.101
590,45.086,46.213,47.597,48.98,50.107
591,45.091,46.218,47.602,48.985,50.112
592,45.096,46.223,47.607,48.99,50.118
593,45.1,46.228,47.612,48.996,50.124
594,45.105,46.233,47.617,49.002,50.129
595,45.11,46.238,47.622,49.007,50.135
596,45.115,46.243,47.627,49.012,50.14
597,45.12,46.248,47.633,49.017,50.145
598,45.124,46.253,47.638,49.023,50.151
599,45.129,46.258,47.643,49.028,50.156
600,45.134,46.263,47.648,49.033,50.162
601,45.139,46.267,47.653,49.038,50.167
602,45.144,46.272,47.658,49.043,50.172
603,45.148,46.277,47.663,49.049,50.178
604,45.152,46.282,47.668,49.054,50.184
605,45.157,46.287,47.673,49.059,50.189
606,45.162,46.292,47.678,49.065,50.194
607,45.167,46.296,47.683,49.07,50.2
608,45.171,46.301,47.688,49.075,50.205
609,45.176,46.306,47.693,49.08,50.21
610,45.181,46.311,47.698,49.085,50.215
611,45.186,46.316,47.703,49.09,50.221
612,45.189,46.32,47.708,49.096,50.227
613,45.194,46.325,47.713,49.101,50.232
614,45.199,46.33,47.718,49.106,50.237
615,45.204,46.335,47.723,49.111,50.242
616,45.208,46.339,47.728,49.117,50.248
617,45.213,46.344,47.733,49.122,50.253
618,45.218,46.349,47.738,49.127,50.258
619,45.222,46.354,47.743,49.132,50.263
620,45.226,46.358,47.748,49.137,50.269
621,45.231,46.363,47.753,49.142,50.275
622,45.235,46.368,47.758,49.147,50.28
623,45.24,46.372,47.762,49.152,50.285
624,45.245,46.377,47.767,49.157,50.29
625,45.249,46.382,47.772,49.163,50.295
626,45.254,46.387,47.777,49.168,50.3
627,45.259,46.391,47.782,49.173,50.305
628,45.263,46.396,47.787,49.178,50.311
629,45.267,46.4,47.792,49.183,50.317
630,45.271,46.405,47.797,49.188,50.322
631,45.276,46.41,47.801,49.193,50.327
632,45.281,46.414,47.806,49.198,50.332
633,45.285,46.419,47.811,49.203,50.337
634,45.29,46.424,47.816,49.208,50.342
635,45.294,46.428,47.821,49.213,50.347
636,45.299,46.433,47.826,49.218,50.352
637,45.302,46.437,47.83,49.223,50.358
638,45.307,46.442,47.835,49.228,50.363
639,45.312,46.447,47.84,49.233,50.368
640,45.316,46.451,47.845,49.238,50.373
641,45.321,46.456,47.849,49.243,50.378
642,45.325,46.461,47.854,49.248,50.383
643,45.33,46.465,47.859,49.253,50.388
644,45.334,46.47,47.864,49.258,50.393
645,45.339,46.474,47.869,49.263,50.398
646,45.342,46.478,47.873,49.268,50.404
647,45.347,46.483,47.878,49.273,50.409
648,45.351,46.488,47.883,49.278,50.414
649,45.356,46.492,47.887,49.283,50.419
650,45.36,46.497,47.892,49.287,50.424
651,45.365,46.501,47.897,49.292,50.429
652,45.369,46.506,47.902,49.297,50.434
653,45.373,46.51,47.906,49.302,50.439
654,45.377,46.515,47.911,49.307,50.445
655,45.381,46.519,47.916,49.312,50.45
656,45.386,46.524,47.92,49.317,50.455
657,45.39,46.528,47.925,49.322,50.46
658,45.395,46.533,47.93,49.326,50.464
659,45.399,46.537,47.934,49.331,50.469
660,45.404,46.542,47.939,49.336,50.474
661,45.408,46.546,47.944,49.341,50.479
662,45.411,46.55,47.948,49.346,50.485
663,45.416,46.555,47.953,49.351,50.49
664,45.42,46.559,47.957,49.356,50.495
665,45.424,46.564,47.962,49.36,50.5
666,45.429,46.568,47.967,49.365,50.504
667,45.433,46.573,47.971,49.37,50.509
668,45.438,46.577,47.976,49.375,50.514
669,45.442,46.582,47.98,49.379,50.519
670,45.445,46.586,47.985,49.384,50.525
671,45.45,46.59,47.99,49.389,50.529
672,45.454,46.594,47.994,49.394,50.534
673,45.458,46.599,47.999,49.399,50.539
674,45.463,46.603,48.003,49.403,50.544
675,45.467,46.608,48.008,49.408,50.549
676,45.471,46.612,48.012,49.413,50.553
677,45.476,46.617,48.017,49.417,50.558
678,45.479,46.62,48.022,49.423,50.564
679,45.483,46.625,48.026,49.427,50.569
680,45.488,46.629,48.031,49.432,50.574
681,45.492,46.634,48.035,49.437,50.578
682,45.496,46.638,48.04,49.441,50.583
683,45.5,46.642,48.044,49.446,50.588
684,45.505,46.647,48.049,49.45,50.593
685,45.509,46.651,48.053,49.455,50.597
686,45.512,46.655,48.058,49.46,50.603
687,45.517,46.659,48.062,49.465,50.608
688,45.521,46.664,48.067,49.469,50.612
689,45.525,46.668,48.071,49.474,50.617
690,45.529,46.672,48.076,49.479,50.622
691,45.534,46.677,48.08,49.483,50.626
692,45.538,46.681,48.084,49.488,50.631
693,45.542,46.685,48.089,49.492,50.636
694,45.545,46.689,48.093,49.497,50.641
695,45.549,46.693,48.098,49.502,50.646
696,45.554,46.698,48.102,49.507,50.651
697,45.558,46.702,48.107,49.511,50.655
698,45.562,46.706,48.111,49.516,50.66
699,45.566,46.711,48.115,49.52,50.665
700,45.57,46.715,48.12,49.525,50.669
701,45.574,46.719,48.124,49.529,50.674
702,45.578,46.723,48.129,49.534,50.679
703,45.582,46.727,48.133,49.539,50.684
704,45.586,46.731,48.137,49.543,50.689
705,45.59,46.736,48.142,49.548,50.693
706,45.594,46.74,48.146,49.552,50.698
707,45.598,46.744,48.151,49.557,50.703
708,45.603,46.748,48.155,49.561,50.707
709,45.606,46.752,48.159,49.566,50.713
710,45.61,46.756,48.164,49.571,50.717
711,45.614,46.761,48.168,49.575,50.722
712,45.618,46.765,48.172,49.58,50.726
713,45.622,46.769,48.177,49.584,50.731
714,45.626,46.773,48.181,49.589,50.735
715,45.631,46.777,48.185,49.593,50.74
716,45.635,46.782,48.19,49.598,50.745
717,45.638,46.785,48.194,49.602,50.75
718,45.642,46.789,48.198,49.607,50.755
719,45.646,46.794,48.203,49.611,50.759
720,45.65,46.798,48.207,49.616,50.764
721,45.654,46.802,48.211,49.62,50.768
722,45.658,46.806,48.215,49.625,50.773
723,45.662,46.81,48.22,49.629,50.777
724,45.666,46.814,48.224,49.633,50.782
725,45.669,46.818,48.228,49.638,50.787
726,45.673,46.822,48.232,49.643,50.791
727,45.677,46.826,48.237,49.647,50.796
728,45.681,46.83,48.241,49.651,50.8
729,45.685,46.835,48.245,49.656,50.805
730,45.689,46.839,48.249,49.66,50.809
731,45.693,46.843,48.254,49.664,50.814
732,45.697,46.846,48.258,49.669,50.819
733,45.701,46.851,48.262,49.674,50.824
734,45.705,46.855,48.266,49.678,50.828
735,45.708,46.859,48.271,49.682,50.833
736,45.712,46.863,48.275,49.687,50.837
737,45.716,46.867,48.279,49.691,50.841
738,45.72,46.871,48.283,49.695,50.846
739,45.723,46.874,48.287,49.7,50.851
740,45.727,46.879,48.292,49.704,50.856
741,45.731,46.883,48.296,49.709,50.86
742,45.735,46.887,48.3,49.713,50.864
743,45.739,46.891,48.304,49.717,50.869
744,45.743,46.895,48.308,49.722,50.873
745,45.747,46.899,48.312,49.726,50.877
746,45.751,46.903,48.316,49.73,50.882
747,45.754,46.906,48.321,49.735,50.887
748,45.758,46.91,48.325,49.739,50.891
749,45.762,46.914,48.329,49.743,50.896
750,45.766,46.918,48.333,49.748,50.9
751,45.77,46.922,48.337,49.752,50.904
752,45.774,46.926,48.341,49.756,50.909
753,45.778,46.93,48.345,49.76,50.913
754,45.78,46.934,48.349,49.765,50.918
755,45.784,46.938,48.354,49.769,50.923
756,45.788,46.942,48.358,49.773,50.927
757,45.792,46.946,48.362,49.778,50.931
758,45.796,46.95,48.366,49.782,50.936
759,45.8,46.954,48.37,49.786,50.94
760,45.804,46.958,48.374,49.79,50.944
761,45.808,46.962,48.378,49.794,50.948
762,45.811,46.965,48.382,49.799,50.954
763,45.814,46.969,48.386,49.803,50.958
764,45.818,46.973,48.39,49.808,50.962
765,45.822,46.977,48.394,49.812,50.966
766,45.826,46.981,48.398,49.816,50.971
767,45.83,46.985,48.402,49.82,50.975
768,45.833,46.988,48.406,49.824,50.979
769,45.836,46.992,48.41,49.829,50.984
770,45.84,46.996,48.414,49.833,50.988
771,45.844,47,48.418,49.837,50.993
772,45.848,47.004,48.422,49.841,50.997
773,45.852,47.008,48.426,49.845,51.001
774,45.855,47.011,48.43,49.849,51.005
775,45.859,47.015,48.434,49.853,51.01
776,45.862,47.019,48.438,49.858,51.015
777,45.866,47.022,48.442,49.862,51.019
778,45.869,47.026,48.446,49.866,51.023
779,45.873,47.03,48.45,49.87,51.027
780,45.877,47.034,48.454,49.874,51.031
781,45.881,47.038,48.458,49.879,51.036
782,45.884,47.042,48.462,49.883,51.04
783,45.887,47.045,48.466,49.887,51.045
784,45.891,47.049,48.47,49.891,51.049
785,45.895,47.053,48.474,49.895,51.053
786,45.899,47.056,48.478,49.899,51.057
787,45.902,47.06,48.482,49.903,51.061
788,45.906,47.064,48.486,49.907,51.066
789,45.91,47.068,48.49,49.911,51.07
790,45.913,47.072,48.494,49.915,51.074
791,45.916,47.075,48.497,49.92,51.079
792,45.92,47.079,48.501,49.924,51.083
793,45.923,47.082,48.505,49.928,51.087
794,45.927,47.086,48.509,49.932,51.091
795,45.931,47.09,48.513,49.936,51.095
796,45.935,47.094,48.517,49.94,51.099
797,45.938,47.098,48.521,49.944,51.103
798,45.941,47.101,48.525,49.948,51.108
799,45.945,47.105,48.529,49.952,51.112
800,45.948,47.108,48.532,49.956,51.116
801,45.952,47.112,48.536,49.96,51.121
802,45.955,47.116,48.54,49.964,51.125
803,45.959,47.119,48.544,49.968,51.129
804,45.963,47.123,48.548,49.972,51.133
805,45.965,47.126,48.552,49.977,51.138
806,45.969,47.13,48.555,49.98,51.142
807,45.973,47.134,48.559,49.984,51.146
808,45.976,47.138,48.563,49.988,51.15
809,45.98,47.141,48.567,49.992,51.154
810,45.984,47.145,48.571,49.996,51.158
811,45.987,47.149,48.574,50,51.162
812,45.99,47.152,48.578,50.005,51.167
813,45.993,47.155,48.582,50.008,51.17
814,45.997,47.159,48.586,50.012,51.174
815,46.001,47.163,48.59,50.016,51.178
816,46.004,47.166,48.593,50.02,51.182
817,46.008,47.17,48.597,50.024,51.186
818,46.011,47.174,48.601,50.028,51.19
819,46.014,47.177,48.605,50.032,51.195
820,46.017,47.181,48.608,50.036,51.199
821,46.021,47.184,48.612,50.04,51.203
822,46.024,47.188,48.616,50.044,51.207
823,46.028,47.191,48.62,50.048,51.211
824,46.032,47.195,48.623,50.051,51.215
825,46.035,47.199,48.627,50.055,51.219
826,46.038,47.202,48.631,50.06,51.224
827,46.041,47.205,48.634,50.063,51.228
828,46.045,47.209,48.638,50.067,51.232
829,46.048,47.213,48.642,50.071,51.235
830,46.052,47.216,48.646,50.075,51.239
831,46.055,47.22,48.649,50.079,51.243
832,46.059,47.223,48.653,50.082,51.247
833,46.062,47.227,48.657,50.086,51.251
834,46.065,47.23,48.66,50.09,51.256
835,46.068,47.234,48.664,50.094,51.26
836,46.072,47.237,48.668,50.098,51.263
837,46.075,47.241,48.671,50.102,51.267
838,46.079,47.244,48.675,50.106,51.271
839,46.082,47.248,48.679,50.109,51.275
840,46.086,47.251,48.682,50.113,51.279
841,46.088,47.254,48.686,50.117,51.284
842,46.092,47.258,48.69,50.121,51.287
843,46.095,47.261,48.693,50.125,51.291
844,46.098,47.265,48.697,50.129,51.295
845,46.102,47.268,48.7,50.132,51.299
846,46.105,47.272,48.704,50.136,51.303
847,46.109,47.275,48.708,50.14,51.307
848,46.111,47.278,48.711,50.144,51.311
849,46.115,47.282,48.715,50.148,51.315
850,46.118,47.285,48.718,50.151,51.319
851,46.121,47.289,48.722,50.155,51.323
852,46.125,47.292,48.726,50.159,51.326
853,46.128,47.296,48.729,50.162,51.33
854,46.131,47.299,48.733,50.166,51.334
855,46.134,47.302,48.736,50.17,51.339
856,46.137,47.306,48.74,50.174,51.342
857,46.141,47.309,48.743,50.178,51.346
858,46.144,47.313,48.747,50.181,51.35
859,46.147,47.316,48.751,50.185,51.354
860,46.151,47.319,48.754,50.189,51.357
861,46.154,47.323,48.758,50.192,51.361
862,46.157,47.326,48.761,50.196,51.366
863,46.16,47.329,48.765,50.2,51.369
864,46.163,47.333,48.768,50.204,51.373
865,46.167,47.336,48.772,50.207,51.377
866,46.17,47.34,48.775,50.211,51.381
867,46.173,47.343,48.779,50.214,51.384
868,46.177,47.346,48.782,50.218,51.388
869,46.179,47.349,48.786,50.222,51.392
870,46.182,47.353,48.789,50.226,51.396
871,46.186,47.356,48.793,50.229,51.4
872,46.189,47.359,48.796,50.233,51.404
873,46.192,47.363,48.8,50.237,51.407
874,46.195,47.366,48.803,50.24,51.411
875,46.199,47.369,48.807,50.244,51.414
876,46.201,47.372,48.81,50.248,51.419
877,46.204,47.376,48.814,50.251,51.423
878,46.208,47.379,48.817,50.255,51.426
879,46.211,47.382,48.82,50.258,51.43
880,46.214,47.386,48.824,50.262,51.434
881,46.217,47.389,48.827,50.266,51.437
882,46.221,47.392,48.831,50.269,51.441
883,46.223,47.395,48.834,50.273,51.445
884,46.226,47.399,48.838,50.277,51.449
885,46.229,47.402,48.841,50.28,51.453
886,46.233,47.405,48.844,50.284,51.456
887,46.236,47.408,48.848,50.287,51.46
888,46.239,47.412,48.851,50.291,51.463
889,46.242,47.415,48.855,50.294,51.467
890,46.246,47.418,48.858,50.298,51.47
891,46.248,47.421,48.861,50.302,51.475
892,46.251,47.424,48.865,50.305,51.479
893,46.254,47.428,48.868,50.309,51.482
894,46.257,47.431,48.872,50.312,51.486
895,46.261,47.434,48.875,50.316,51.489
896,46.264,47.438,48.878,50.319,51.493
897,46.267,47.441,48.882,50.322,51.496
898,46.269,47.444,48.885,50.326,51.501
899,46.272,47.447,48.888,50.33,51.504
900,46.276,47.45,48.892,50.333,51.508
901,46.279,47.453,48.895,50.337,51.511
902,46.282,47.456,48.898,50.34,51.515
903,46.285,47.46,48.902,50.344,51.518
904,46.288,47.463,48.905,50.347,51.522
905,46.29,47.466,48.908,50.351,51.526
906,46.293,47.469,48.912,50.354,51.53
907,46.297,47.472,48.915,50.358,51.533
908,46.3,47.475,48.918,50.361,51.537
909,46.303,47.478,48.922,50.365,51.54
910,46.306,47.482,48.925,50.368,51.544
911,46.309,47.485,48.928,50.371,51.547
912,46.311,47.488,48.931,50.375,51.551
913,46.314,47.491,48.935,50.379,51.555
914,46.318,47.494,48.938,50.382,51.558
915,46.321,47.497,48.941,50.385,51.562
916,46.324,47.5,48.945,50.389,51.565
917,46.327,47.503,48.948,50.392,51.569
918,46.33,47.507,48.951,50.395,51.572
919,46.332,47.509,48.954,50.399,51.577
920,46.335,47.512,48.958,50.403,51.58
921,46.338,47.516,48.961,50.406,51.583
922,46.341,47.519,48.964,50.409,51.587
923,46.344,47.522,48.967,50.413,51.59
924,46.347,47.525,48.971,50.416,51.594
925,46.35,47.528,48.974,50.419,51.597
926,46.353,47.531,48.977,50.423,51.6
927,46.356,47.534,48.98,50.426,51.605
928,46.359,47.537,48.983,50.43,51.608
929,46.362,47.54,48.987,50.433,51.611
930,46.365,47.543,48.99,50.436,51.615
931,46.368,47.546,48.993,50.44,51.618
932,46.371,47.549,48.996,50.443,51.622
933,46.374,47.552,48.999,50.446,51.625
934,46.376,47.555,49.003,50.45,51.629
935,46.379,47.558,49.006,50.453,51.633
936,46.382,47.561,49.009,50.457,51.636
937,46.385,47.564,49.012,50.46,51.639
938,46.388,47.567,49.015,50.463,51.643
939,46.391,47.57,49.018,50.466,51.646
940,46.394,47.573,49.022,50.47,51.649
941,46.396,47.576,49.025,50.473,51.653
942,46.399,47.579,49.028,50.477,51.657
943,46.402,47.582,49.031,50.48,51.66
944,46.405,47.585,49.034,50.483,51.663
945,46.408,47.588,49.037,50.486,51.667
946,46.411,47.591,49.04,50.489,51.67
947,46.414,47.594,49.044,50.493,51.673
948,46.416,47.597,49.047,50.496,51.677
949,46.419,47.6,49.05,50.5,51.681
950,46.422,47.603,49.053,50.503,51.684
951,46.425,47.606,49.056,50.506,51.687
952,46.427,47.609,49.059,50.509,51.691
953,46.43,47.612,49.062,50.512,51.694
954,46.433,47.615,49.065,50.516,51.697
955,46.436,47.618,49.068,50.519,51.7
956,46.438,47.62,49.071,50.522,51.705
957,46.441,47.623,49.074,50.526,51.708
958,46.444,47.626,49.078,50.529,51.711
959,46.447,47.629,49.081,50.532,51.714
960,46.45,47.632,49.084,50.535,51.717
961,46.453,47.635,49.087,50.538,51.721
962,46.456,47.638,49.09,50.541,51.724
963,46.458,47.641,49.093,50.545,51.728
964,46.46,47.644,49.096,50.548,51.731
965,46.463,47.647,49.099,50.551,51.734
966,46.466,47.649,49.102,50.554,51.738
967,46.469,47.652,49.105,50.557,51.741
968,46.472,47.655,49.108,50.561,51.744
969,46.475,47.658,49.111,50.564,51.747
970,46.478,47.661,49.114,50.567,51.75
971,46.48,47.664,49.117,50.57,51.754
972,46.482,47.667,49.12,50.573,51.758
973,46.485,47.669,49.123,50.577,51.761
974,46.488,47.672,49.126,50.58,51.764
975,46.491,47.675,49.129,50.583,51.767
976,46.494,47.678,49.132,50.586,51.77
977,46.497,47.681,49.135,50.589,51.773
978,46.499,47.683,49.138,50.593,51.777
979,46.501,47.686,49.141,50.596,51.781
980,46.504,47.689,49.144,50.599,51.784
981,46.507,47.692,49.147,50.602,51.787
982,46.51,47.695,49.15,50.605,51.79
983,46.513,47.698,49.153,50.608,51.793
984,46.515,47.701,49.156,50.611,51.796
985,46.517,47.703,49.159,50.614,51.8
986,46.52,47.706,49.162,50.617,51.803
987,46.523,47.709,49.165,50.62,51.806
988,46.526,47.712,49.168,50.623,51.81
989,46.528,47.715,49.171,50.626,51.813
990,46.531,47.717,49.174,50.63,51.816
991,46.534,47.72,49.176,50.633,51.819
992,46.537,47.723,49.179,50.636,51.822
993,46.539,47.725,49.182,50.639,51.826
994,46.541,47.728,49.185,50.642,51.829
995,46.544,47.731,49.188,50.645,51.832
996,46.547,47.734,49.191,50.648,51.835
997,46.549,47.737,49.194,50.651,51.838
998,46.552,47.739,49.197,50.654,51.841
999,46.555,47.742,49.2,50.657,51.844
1000,46.557,47.745,49.203,50.66,51.848
1001,46.56,47.747,49.205,50.663,51.851
1002,46.562,47.75,49.208,50.666,51.854
1003,46.565,47.753,49.211,50.669,51.857
1004,46.568,47.756,49.214,50.672,51.86
1005,46.57,47.759,49.217,50.675,51.863
1006,46.573,47.761,49.22,50.678,51.866
1007,46.576,47.764,49.223,50.681,51.869
1008,46.578,47.766,49.226,50.685,51.873
1009,46.58,47.769,49.228,50.688,51.876
1010,46.583,47.772,49.231,50.691,51.879
1011,46.586,47.775,49.234,50.693,51.882
1012,46.588,47.777,49.237,50.696,51.885
1013,46.591,47.78,49.24,50.699,51.888
1014,46.594,47.783,49.243,50.702,51.891
1015,46.596,47.785,49.245,50.706,51.895
1016,46.598,47.788,49.248,50.709,51.898
1017,46.601,47.791,49.251,50.711,51.901
1018,46.603,47.793,49.254,50.714,51.904
1019,46.606,47.796,49.257,50.717,51.907
1020,46.609,47.799,49.259,50.72,51.91
1021,46.611,47.801,49.262,50.723,51.913
1022,46.614,47.804,49.265,50.726,51.916
1023,46.616,47.806,49.268,50.729,51.92
1024,46.618,47.809,49.271,50.732,51.923
1025,46.621,47.812,49.273,50.735,51.926
1026,46.624,47.815,49.276,50.738,51.929
1027,46.626,47.817,49.279,50.741,51.932
1028,46.629,47.82,49.282,50.744,51.935
1029,46.632,47.823,49.285,50.746,51.937
1030,46.634,47.825,49.287,50.749,51.94
1031,46.636,47.828,49.29,50.753,51.944
1032,46.639,47.83,49.293,50.755,51.947
1033,46.641,47.833,49.296,50.758,51.95
1034,46.644,47.835,49.298,50.761,51.953
1035,46.646,47.838,49.301,50.764,51.956
1036,46.649,47.841,49.304,50.767,51.959
1037,46.652,47.844,49.307,50.77,51.962
1038,46.653,47.846,49.309,50.773,51.965
1039,46.656,47.848,49.312,50.776,51.968
1040,46.658,47.851,49.315,50.779,51.971
1041,46.661,47.854,49.318,50.781,51.974
1042,46.664,47.856,49.32,50.784,51.977
1043,46.666,47.859,49.323,50.787,51.98
1044,46.669,47.862,49.326,50.79,51.983
1045,46.671,47.864,49.328,50.793,51.986
1046,46.673,47.866,49.331,50.796,51.989
1047,46.675,47.869,49.334,50.799,51.992
1048,46.678,47.872,49.337,50.801,51.995
1049,46.681,47.874,49.339,50.804,51.998
1050,46.683,47.877,49.342,50.807,52.001
1051,46.686,47.879,49.345,50.81,52.004
1052,46.688,47.882,49.347,50.813,52.006
1053,46.691,47.885,49.35,50.815,52.009
1054,46.692,47.887,49.353,50.819,52.013
1055,46.695,47.889,49.355,50.821,52.016
1056,46.697,47.892,49.358,50.824,52.018
1057,46.7,47.894,49.361,50.827,52.021
1058,46.702,47.897,49.363,50.83,52.024
1059,46.705,47.9,49.366,50.832,52.027
1060,46.707,47.902,49.369,50.835,52.03
1061,46.709,47.904,49.371,50.838,52.033
1062,46.712,47.907,49.374,50.841,52.036
1063,46.714,47.909,49.377,50.844,52.039
1064,46.717,47.912,49.379,50.846,52.042
1065,46.719,47.914,49.382,50.849,52.045
1066,46.721,47.917,49.384,50.852,52.047
1067,46.724,47.92,49.387,50.855,52.05
1068,46.726,47.922,49.39,50.857,52.053
1069,46.728,47.924,49.392,50.86,52.057
1070,46.731,47.927,49.395,50.863,52.059
1071,46.733,47.929,49.398,50.866,52.062
1072,46.735,47.932,49.4,50.869,52.065
1073,46.738,47.934,49.403,50.871,52.068
1074,46.74,47.937,49.405,50.874,52.07
1075,46.743,47.939,49.408,50.877,52.073
1076,46.745,47.942,49.411,50.879,52.076
1077,46.747,47.944,49.413,50.883,52.08
1078,46.749,47.946,49.416,50.885,52.082
1079,46.752,47.949,49.418,50.888,52.085
1080,46.754,47.951,49.421,50.891,52.088
1081,46.757,47.954,49.424,50.893,52.09
1082,46.759,47.956,49.426,50.896,52.093
1083,46.762,47.959,49.429,50.898,52.096
1084,46.764,47.961,49.431,50.901,52.099
1085,46.765,47.963,49.434,50.904,52.102
1086,46.768,47.966,49.436,50.907,52.105
1087,46.77,47.968,49.439,50.91,52.108
1088,46.773,47.971,49.442,50.912,52.11
1089,46.775,47.973,49.444,50.915,52.113
1090,46.778,47.976,49.447,50.917,52.116
1091,46.78,47.978,49.449,50.92,52.118
1092,46.782,47.981,49.452,50.923,52.121
1093,46.784,47.983,49.454,50.926,52.125
1094,46.786,47.985,49.457,50.928,52.127
1095,46.789,47.988,49.459,50.931,52.13
1096,46.791,47.99,49.462,50.934,52.133
1097,46.793,47.993,49.464,50.936,52.135
1098,46.796,47.995,49.467,50.939,52.138
1099,46.798,47.997,49.469,50.941,52.141
1100,46.801,48,49.472,50.944,52.143
1101,46.802,48.002,49.475,50.947,52.147
1102,46.804,48.004,49.477,50.95,52.15
1103,46.807,48.007,49.48,50.952,52.152
1104,46.809,48.009,49.482,50.955,52.155
1105,46.812,48.012,49.485,50.957,52.157
1106,46.814,48.014,49.487,50.96,52.16
1107,46.816,48.016,49.49,50.963,52.163
1108,46.819,48.019,49.492,50.965,52.165
1109,46.82,48.021,49.494,50.968,52.169
1110,46.822,48.023,49.497,50.971,52.171
1111,46.825,48.025,49.499,50.973,52.174
1112,46.827,48.028,49.502,50.976,52.177
1113,46.829,48.03,49.504,50.978,52.179
1114,46.832,48.033,49.507,50.981,52.182
1115,46.834,48.035,49.509,50.984,52.185
1116,46.836,48.038,49.512,50.986,52.187
1117,46.838,48.039,49.514,50.989,52.191
1118,46.84,48.042,49.517,50.992,52.193
1119,46.842,48.044,49.519,50.994,52.196
1120,46.845,48.046,49.522,50.997,52.198
1121,46.847,48.049,49.524,50.999,52.201
1122,46.849,48.051,49.527,51.002,52.204
1123,46.852,48.054,49.529,51.004,52.206
1124,46.854,48.056,49.531,51.007,52.209
1125,46.855,48.058,49.534,51.01,52.212
1126,46.858,48.06,49.536,51.012,52.215
1127,46.86,48.063,49.539,51.015,52.217
1128,46.862,48.065,49.541,51.017,52.22
1129,46.865,48.067,49.544,51.02,52.222
1130,46.867,48.07,49.546,51.022,52.225
1131,46.869,48.072,49.548,51.025,52.228
1132,46.871,48.074,49.551,51.027,52.23
1133,46.873,48.076,49.553,51.03,52.234
1134,46.875,48.078,49.556,51.033,52.236
1135,46.877,48.081,49.558,51.035,52.239
1136,46.88,48.083,49.56,51.038,52.241
1137,46.882,48.085,49.563,51.04,52.244
1138,46.884,48.088,49.565,51.043,52.246
1139,46.886,48.09,49.568,51.045,52.249
1140,46.889,48.092,49.57,51.048,52.251
1141,46.89,48.094,49.572,51.05,52.255
1142,46.892,48.096,49.575,51.053,52.257
1143,46.894,48.099,49.577,51.055,52.26
1144,46.897,48.101,49.58,51.058,52.262
1145,46.899,48.103,49.582,51.06,52.265
1146,46.901,48.106,49.584,51.063,52.267
1147,46.903,48.108,49.587,51.065,52.27
1148,46.906,48.11,49.589,51.068,52.272
1149,46.907,48.112,49.591,51.071,52.276
1150,46.909,48.114,49.594,51.073,52.278
1151,46.912,48.117,49.596,51.075,52.281
1152,46.914,48.119,49.598,51.078,52.283
1153,46.916,48.121,49.601,51.08,52.286
1154,46.918,48.124,49.603,51.083,52.288
1155,46.92,48.126,49.605,51.085,52.291
1156,46.923,48.128,49.608,51.088,52.293
1157,46.925,48.13,49.61,51.09,52.295
1158,46.926,48.132,49.613,51.093,52.299
1159,46.928,48.134,49.615,51.095,52.301
1160,46.93,48.137,49.617,51.098,52.304
1161,46.933,48.139,49.62,51.1,52.306
1162,46.935,48.141,49.622,51.102,52.309
1163,46.937,48.143,49.624,51.105,52.311
1164,46.939,48.146,49.626,51.107,52.314
1165,46.941,48.148,49.629,51.11,52.316
1166,46.943,48.15,49.631,51.113,52.319
1167,46.945,48.152,49.633,51.115,52.322
1168,46.947,48.154,49.636,51.117,52.324
1169,46.949,48.156,49.638,51.12,52.327
1170,46.951,48.159,49.64,51.122,52.329
1171,46.954,48.161,49.643,51.124,52.332
1172,46.956,48.163,49.645,51.127,52.334
1173,46.958,48.165,49.647,51.129,52.336
1174,46.959,48.167,49.65,51.132,52.34
1175,46.961,48.169,49.652,51.134,52.342
1176,46.963,48.171,49.654,51.137,52.345
1177,46.966,48.174,49.656,51.139,52.347
1178,46.968,48.176,49.659,51.141,52.349
1179,46.97,48.178,49.661,51.144,52.352
1180,46.972,48.18,49.663,51.146,52.354
1181,46.974,48.182,49.665,51.148,52.357
1182,46.975,48.184,49.668,51.151,52.36
1183,46.978,48.186,49.67,51.154,52.362
1184,46.98,48.188,49.672,51.156,52.365
1185,46.982,48.191,49.675,51.158,52.367
1186,46.984,48.193,49.677,51.161,52.369
1187,46.986,48.195,49.679,51.163,52.372
1188,46.988,48.197,49.681,51.165,52.374
1189,46.99,48.199,49.684,51.168,52.377
1190,46.993,48.202,49.686,51.17,52.379
1191,46.994,48.203,49.688,51.173,52.382
1192,46.996,48.205,49.69,51.175,52.385
1193,46.998,48.208,49.693,51.177,52.387
1194,47,48.21,49.695,51.18,52.389
1195,47.002,48.212,49.697,51.182,52.392
1196,47.004,48.214,49.699,51.184,52.394
1197,47.006,48.216,49.701,51.186,52.396
1198,47.009,48.218,49.704,51.189,52.399
1199,47.01,48.22,49.706,51.192,52.402
1200,47.012,48.222,49.708,51.194,52.404
1201,47.014,48.224,49.71,51.196,52.407
1202,47.016,48.227,49.713,51.198,52.409
1203,47.018,48.229,49.715,51.201,52.411
1204,47.02,48.231,49.717,51.203,52.414
1205,47.022,48.233,49.719,51.205,52.416
1206,47.024,48.235,49.721,51.208,52.418
1207,47.026,48.237,49.724,51.21,52.421
1208,47.028,48.239,49.726,51.213,52.424
1209,47.03,48.241,49.728,51.215,52.426
1210,47.032,48.243,49.73,51.217,52.428
1211,47.034,48.245,49.732,51.219,52.431
1212,47.036,48.247,49.735,51.222,52.433
1213,47.038,48.25,49.737,51.224,52.435
1214,47.04,48.252,49.739,51.226,52.438
1215,47.042,48.254,49.741,51.228,52.44
1216,47.043,48.255,49.743,51.231,52.443
1217,47.045,48.257,49.745,51.233,52.446
1218,47.047,48.26,49.748,51.236,52.448
1219,47.049,48.262,49.75,51.238,52.45
1220,47.051,48.264,49.752,51.24,52.453
1221,47.053,48.266,49.754,51.242,52.455
1222,47.056,48.268,49.756,51.245,52.457
1223,47.058,48.27,49.758,51.247,52.459
1224,47.06,48.272,49.761,51.249,52.462
1225,47.061,48.274,49.763,51.252,52.465
1226,47.063,48.276,49.765,51.254,52.467
1227,47.065,48.278,49.767,51.256,52.469
1228,47.067,48.28,49.769,51.258,52.472
1229,47.069,48.282,49.771,51.261,52.474
1230,47.071,48.284,49.774,51.263,52.476
1231,47.073,48.286,49.776,51.265,52.478
1232,47.075,48.288,49.778,51.267,52.481
1233,47.077,48.29,49.78,51.269,52.483
1234,47.078,48.292,49.782,51.272,52.486
1235,47.08,48.294,49.784,51.274,52.488
1236,47.082,48.296,49.786,51.277,52.491
1237,47.084,48.298,49.789,51.279,52.493
1238,47.086,48.3,49.791,51.281,52.495
1239,47.088,48.302,49.793,51.283,52.497
1240,47.09,48.304,49.795,51.285,52.5
1241,47.092,48.306,49.797,51.288,52.502
1242,47.093,48.308,49.799,51.29,52.505
1243,47.095,48.31,49.801,51.292,52.507
1244,47.097,48.312,49.803,51.295,52.509
1245,47.099,48.314,49.805,51.297,52.512
1246,47.101,48.316,49.808,51.299,52.514
1247,47.103,48.318,49.81,51.301,52.516
1248,47.105,48.32,49.812,51.303,52.518
1249,47.107,48.322,49.814,51.305,52.52
1250,47.109,48.324,49.816,51.308,52.523
1251,47.11,48.326,49.818,51.31,52.526
1252,47.112,48.328,49.82,51.312,52.528
1253,47.114,48.33,49.822,51.315,52.53
1254,47.116,48.332,49.824,51.317,52.532
1255,47.118,48.334,49.826,51.319,52.535
1256,47.12,48.336,49.829,51.321,52.537
1257,47.122,48.338,49.831,51.323,52.539
1258,47.124,48.34,49.833,51.325,52.541
1259,47.126,48.342,49.835,51.327,52.543
1260,47.127,48.344,49.837,51.33,52.547
1261,47.129,48.346,49.839,51.332,52.549
1262,47.131,48.348,49.841,51.334,52.551
1263,47.133,48.35,49.843,51.336,52.553
1264,47.135,48.352,49.845,51.339,52.555
1265,47.137,48.354,49.847,51.341,52.557
1266,47.139,48.356,49.849,51.343,52.56
1267,47.141,48.357,49.851,51.345,52.562
1268,47.143,48.36,49.853,51.347,52.564
1269,47.144,48.361,49.855,51.35,52.567
1270,47.146,48.363,49.857,51.352,52.569
1271,47.148,48.365,49.86,51.354,52.571
1272,47.149,48.367,49.862,51.356,52.574
1273,47.151,48.369,49.864,51.358,52.576
1274,47.153,48.371,49.866,51.36,52.578
1275,47.155,48.373,49.868,51.362,52.58
1276,47.157,48.375,49.87,51.364,52.582
1277,47.159,48.377,49.872,51.367,52.584
1278,47.16,48.378,49.874,51.369,52.587
1279,47.162,48.38,49.876,51.371,52.59
1280,47.164,48.382,49.878,51.373,52.592
1281,47.166,48.384,49.88,51.375,52.594
1282,47.168,48.386,49.882,51.378,52.596
1283,47.17,48.388,49.884,51.38,52.598
1284,47.172,48.39,49.886,51.382,52.6
1285,47.173,48.392,49.888,51.384,52.602
1286,47.175,48.394,49.89,51.386,52.604
1287,47.176,48.395,49.892,51.388,52.608
1288,47.178,48.397,49.894,51.391,52.61
1289,47.18,48.399,49.896,51.393,52.612
1290,47.182,48.401,49.898,51.395,52.614
1291,47.184,48.403,49.9,51.397,52.616
1292,47.186,48.405,49.902,51.399,52.618
1293,47.188,48.407,49.904,51.401,52.62
1294,47.19,48.409,49.906,51.403,52.622
1295,47.191,48.411,49.908,51.405,52.625
1296,47.192,48.412,49.91,51.408,52.628
1297,47.194,48.414,49.912,51.41,52.63
1298,47.196,48.416,49.914,51.412,52.632
1299,47.198,48.418,49.916,51.414,52.634
1300,47.2,48.42,49.918,51.416,52.636
1301,47.202,48.422,49.92,51.418,52.638
1302,47.204,48.424,49.922,51.42,52.64
1303,47.206,48.426,49.924,51.422,52.642
1304,47.207,48.428,49.926,51.424,52.644
1305,47.208,48.429,49.928,51.426,52.647
1306,47.21,48.431,49.93,51.428,52.649
1307,47.212,48.433,49.932,51.431,52.651
1308,47.214,48.435,49.934,51.433,52.654
1309,47.216,48.437,49.936,51.435,52.656
1310,47.218,48.439,49.938,51.437,52.658
1311,47.22,48.441,49.94,51.439,52.66
1312,47.221,48.443,49.942,51.441,52.662
1313,47.223,48.445,49.944,51.443,52.664
1314,47.224,48.446,49.946,51.445,52.667
1315,47.226,48.448,49.948,51.447,52.669
1316,47.228,48.45,49.949,51.449,52.671
1317,47.23,48.452,49.951,51.451,52.673
1318,47.232,48.453,49.953,51.453,52.675
1319,47.233,48.455,49.955,51.455,52.677
1320,47.235,48.457,49.957,51.457,52.679
1321,47.237,48.459,49.959,51.459,52.681
1322,47.239,48.461,49.961,51.461,52.683
1323,47.24,48.462,49.963,51.464,52.686
1324,47.242,48.464,49.965,51.466,52.688
1325,47.243,48.466,49.967,51.468,52.69
1326,47.245,48.468,49.969,51.47,52.692
1327,47.247,48.47,49.971,51.472,52.694
1328,47.249,48.472,49.973,51.474,52.696
1329,47.251,48.474,49.975,51.476,52.698
1330,47.253,48.475,49.977,51.478,52.7
1331,47.254,48.477,49.979,51.48,52.703
1332,47.255,48.479,49.98,51.482,52.706
1333,47.257,48.481,49.982,51.484,52.708
1334,47.259,48.482,49.984,51.486,52.71
1335,47.261,48.484,49.986,51.488,52.712
1336,47.262,48.486,49.988,51.49,52.714
1337,47.264,48.488,49.99,51.492,52.716
1338,47.266,48.49,49.992,51.494,52.718
1339,47.268,48.492,49.994,51.496,52.72
1340,47.27,48.494,49.996,51.498,52.722
1341,47.271,48.495,49.998,51.5,52.725
1342,47.272,48.497,50,51.502,52.727
1343,47.274,48.499,50.001,51.504,52.729
1344,47.276,48.5,50.003,51.506,52.731
1345,47.278,48.502,50.005,51.508,52.733
1346,47.279,48.504,50.007,51.51,52.735
1347,47.281,48.506,50.009,51.512,52.737
1348,47.283,48.508,50.011,51.514,52.739
1349,47.285,48.509,50.013,51.516,52.741
1350,47.287,48.511,50.015,51.518,52.743
1351,47.288,48.513,50.017,51.52,52.745
1352,47.289,48.514,50.018,51.522,52.747
1353,47.291,48.516,50.02,51.524,52.749
1354,47.293,48.518,50.022,51.526,52.751
1355,47.295,48.52,50.024,51.528,52.753
1356,47.296,48.522,50.026,51.53,52.755
1357,47.298,48.524,50.028,51.532,52.757
1358,47.3,48.525,50.03,51.534,52.759
1359,47.302,48.527,50.031,51.536,52.761
1360,47.302,48.528,50.033,51.538,52.764
1361,47.304,48.53,50.035,51.54,52.766
1362,47.306,48.532,50.037,51.542,52.768
1363,47.308,48.534,50.039,51.544,52.77
1364,47.309,48.536,50.041,51.546,52.772
1365,47.311,48.537,50.043,51.548,52.774
1366,47.313,48.539,50.044,51.55,52.776
1367,47.315,48.541,50.046,51.552,52.778
1368,47.316,48.543,50.048,51.553,52.78
1369,47.317,48.544,50.05,51.556,52.783
1370,47.319,48.546,50.052,51.558,52.785
1371,47.321,48.548,50.054,51.56,52.786
1372,47.322,48.549,50.056,51.562,52.789
1373,47.324,48.551,50.057,51.563,52.79
1374,47.326,48.553,50.059,51.565,52.792
1375,47.328,48.555,50.061,51.567,52.794
1376,47.329,48.557,50.063,51.569,52.796
1377,47.331,48.558,50.065,51.571,52.798
1378,47.333,48.56,50.067,51.573,52.8
1379,47.334,48.561,50.068,51.575,52.803
1380,47.335,48.563,50.07,51.577,52.805
1381,47.337,48.565,50.072,51.579,52.807
1382,47.339,48.567,50.074,51.581,52.809
1383,47.341,48.568,50.076,51.583,52.811
1384,47.342,48.57,50.077,51.585,52.813
1385,47.344,48.572,50.079,51.586,52.814
1386,47.346,48.574,50.081,51.588,52.816
1387,47.347,48.575,50.083,51.59,52.818
1388,47.348,48.577,50.085,51.593,52.821
1389,47.35,48.578,50.086,51.594,52.823
1390,47.352,48.58,50.088,51.596,52.825
1391,47.353,48.582,50.09,51.598,52.827
1392,47.355,48.584,50.092,51.6,52.829
1393,47.357,48.585,50.094,51.602,52.831
1394,47.358,48.587,50.095,51.604,52.832
1395,47.36,48.589,50.097,51.606,52.834
1396,47.362,48.591,50.099,51.607,52.836
1397,47.363,48.592,50.101,51.609,52.838
1398,47.364,48.594,50.103,51.612,52.841
1399,47.366,48.595,50.104,51.613,52.843
1400,47.368,48.597,50.106,51.615,52.845
1401,47.369,48.599,50.108,51.617,52.847
1402,47.371,48.6,50.11,51.619,52.848
1403,47.373,48.602,50.112,51.621,52.85
1404,47.374,48.604,50.113,51.623,52.852
1405,47.376,48.606,50.115,51.624,52.854
1406,47.378,48.607,50.117,51.626,52.856
1407,47.379,48.609,50.119,51.628,52.858
1408,47.38,48.61,50.12,51.63,52.861
1409,47.382,48.612,50.122,51.632,52.863
1410,47.383,48.614,50.124,51.634,52.864
1411,47.385,48.615,50.126,51.636,52.866
1412,47.387,48.617,50.127,51.638,52.868
1413,47.388,48.619,50.129,51.64,52.87
1414,47.39,48.621,50.131,51.641,52.872
1415,47.392,48.622,50.133,51.643,52.874
1416,47.393,48.624,50.135,51.645,52.876
1417,47.394,48.625,50.136,51.647,52.878
1418,47.396,48.627,50.138,51.649,52.88
1419,47.397,48.629,50.14,51.651,52.882
1420,47.399,48.63,50.142,51.653,52.884
1421,47.401,48.632,50.143,51.654,52.886
1422,47.402,48.634,50.145,51.656,52.887
1423,47.404,48.635,50.147,51.658,52.889
1424,47.406,48.637,50.148,51.66,52.891
1425,47.407,48.639,50.15,51.662,52.893
1426,47.409,48.64,50.152,51.663,52.895
1427,47.41,48.641,50.154,51.666,52.898
1428,47.411,48.643,50.155,51.668,52.9
1429,47.413,48.645,50.157,51.669,52.901
1430,47.414,48.647,50.159,51.671,52.903
1431,47.416,48.648,50.161,51.673,52.905
1432,47.418,48.65,50.162,51.675,52.907
1433,47.419,48.652,50.164,51.676,52.909
1434,47.421,48.653,50.166,51.678,52.91
1435,47.423,48.655,50.167,51.68,52.912
1436,47.424,48.657,50.169,51.682,52.914
1437,47.425,48.658,50.171,51.684,52.917
1438,47.427,48.659,50.173,51.686,52.919
1439,47.428,48.661,50.174,51.688,52.92
1440,47.43,48.663,50.176,51.689,52.922
1441,47.431,48.664,50.178,51.691,52.924
1442,47.433,48.666,50.179,51.693,52.926
1443,47.435,48.668,50.181,51.695,52.928
1444,47.436,48.669,50.183,51.696,52.929
1445,47.438,48.671,50.185,51.698,52.931
1446,47.439,48.673,50.186,51.7,52.933
1447,47.44,48.674,50.188,51.702,52.936
1448,47.442,48.675,50.19,51.704,52.937
1449,47.443,48.677,50.191,51.706,52.939
1450,47.445,48.679,50.193,51.707,52.941
1451,47.447,48.68,50.195,51.709,52.943
1452,47.448,48.682,50.196,51.711,52.945
1453,47.45,48.684,50.198,51.713,52.946
1454,47.451,48.685,50.2,51.714,52.948
1455,47.453,48.687,50.202,51.716,52.95
1456,47.454,48.688,50.203,51.718,52.953
1457,47.455,48.69,50.205,51.72,52.954
1458,47.457,48.691,50.207,51.722,52.956
1459,47.458,48.693,50.208,51.724,52.958
1460,47.46,48.695,50.21,51.725,52.96
1461,47.461,48.696,50.212,51.727,52.962
1462,47.463,48.698,50.213,51.729,52.963
1463,47.465,48.699,50.215,51.73,52.965
1464,47.466,48.701,50.217,51.732,52.967
1465,47.468,48.703,50.218,51.734,52.969
1466,47.468,48.704,50.22,51.736,52.971
1467,47.47,48.705,50.222,51.738,52.973
1468,47.472,48.707,50.223,51.74,52.975
1469,47.473,48.709,50.225,51.741,52.977
1470,47.475,48.71,50.227,51.743,52.978
1471,47.476,48.712,50.228,51.745,52.98
1472,47.478,48.713,50.23,51.746,52.982
1473,47.479,48.715,50.232,51.748,52.984
1474,47.481,48.717,50.233,51.75,52.985
1475,47.483,48.718,50.235,51.751,52.987
1476,47.483,48.719,50.237,51.754,52.99
1477,47.485,48.721,50.238,51.755,52.991
1478,47.486,48.722,50.24,51.757,52.993
1479,47.488,48.724,50.241,51.759,52.995
1480,47.489,48.726,50.243,51.761,52.997
1481,47.491,48.727,50.245,51.762,52.998
1482,47.492,48.729,50.246,51.764,53
1483,47.494,48.73,50.248,51.766,53.002
1484,47.496,48.732,50.25,51.767,53.004
1485,47.497,48.734,50.251,51.769,53.005
1486,47.499,48.735,50.253,51.771,53.007
1487,47.499,48.736,50.255,51.773,53.01
1488,47.501,48.738,50.256,51.774,53.011
1489,47.502,48.739,50.258,51.776,53.013
1490,47.504,48.741,50.259,51.778,53.015
1491,47.505,48.743,50.261,51.779,53.017
1492,47.507,48.744,50.263,51.781,53.018
1493,47.509,48.746,50.264,51.783,53.02
1494,47.51,48.747,50.266,51.785,53.022
1495,47.512,48.749,50.268,51.786,53.023
1496,47.513,48.75,50.269,51.788,53.025
1497,47.514,48.751,50.271,51.79,53.028
1498,47.515,48.753,50.272,51.792,53.03
1499,47.517,48.755,50.274,51.793,53.031
1500,47.518,48.756,50.276,51.795,53.033
1501,47.52,48.758,50.277,51.797,53.035
1502,47.521,48.759,50.279,51.798,53.036
1503,47.523,48.761,50.28,51.8,53.038
1504,47.524,48.762,50.282,51.802,53.04
1505,47.526,48.764,50.284,51.803,53.041
1506,47.527,48.765,50.285,51.805,53.043
1507,47.528,48.766,50.287,51.807,53.046
1508,47.529,48.768,50.288,51.809,53.047
1509,47.531,48.77,50.29,51.81,53.049
1510,47.532,48.771,50.292,51.812,53.051
1511,47.534,48.773,50.293,51.814,53.052
1512,47.535,48.774,50.295,51.815,53.054
1513,47.537,48.776,50.296,51.817,53.056
1514,47.539,48.777,50.298,51.819,53.057
1515,47.54,48.779,50.3,51.82,53.059
1516,47.542,48.78,50.301,51.822,53.061
1517,47.542,48.781,50.303,51.824,53.063
1518,47.544,48.783,50.304,51.826,53.065
1519,47.545,48.784,50.306,51.827,53.067
1520,47.547,48.786,50.308,51.829,53.068
1521,47.548,48.788,50.309,51.831,53.07
1522,47.55,48.789,50.311,51.832,53.072
1523,47.551,48.791,50.312,51.834,53.073
1524,47.553,48.792,50.314,51.835,53.075
1525,47.554,48.794,50.315,51.837,53.077
1526,47.556,48.795,50.317,51.839,53.078
1527,47.556,48.796,50.319,51.841,53.081
1528,47.558,48.798,50.32,51.842,53.083
1529,47.559,48.799,50.322,51.844,53.084
1530,47.56,48.801,50.323,51.846,53.086
1531,47.562,48.802,50.325,51.847,53.088
1532,47.563,48.804,50.326,51.849,53.089
1533,47.565,48.805,50.328,51.85,53.091
1534,47.566,48.807,50.33,51.852,53.093
1535,47.568,48.808,50.331,51.854,53.094
1536,47.569,48.81,50.333,51.855,53.096
1537,47.571,48.811,50.334,51.857,53.098
1538,47.571,48.812,50.336,51.859,53.1
1539,47.573,48.814,50.337,51.861,53.102
1540,47.574,48.815,50.339,51.862,53.103
1541,47.576,48.817,50.34,51.864,53.105
1542,47.577,48.818,50.342,51.865,53.107
1543,47.579,48.82,50.344,51.867,53.108
1544,47.58,48.821,50.345,51.869,53.11
1545,47.582,48.823,50.347,51.87,53.112
1546,47.583,48.824,50.348,51.872,53.113
1547,47.585,48.826,50.35,51.873,53.115
1548,47.585,48.827,50.351,51.876,53.117
1549,47.586,48.828,50.353,51.877,53.119
1550,47.588,48.83,50.354,51.879,53.121
1551,47.589,48.831,50.356,51.88,53.122
1552,47.591,48.833,50.357,51.882,53.124
1553,47.592,48.834,50.359,51.883,53.126
1554,47.594,48.836,50.36,51.885,53.127
1555,47.595,48.837,50.362,51.887,53.129
1556,47.597,48.839,50.364,51.888,53.13
1557,47.598,48.84,50.365,51.89,53.132
1558,47.599,48.842,50.367,51.891,53.134
1559,47.6,48.843,50.368,51.893,53.136
1560,47.601,48.844,50.37,51.895,53.138
1561,47.603,48.846,50.371,51.897,53.139
1562,47.604,48.847,50.373,51.898,53.141
1563,47.606,48.849,50.374,51.9,53.142
1564,47.607,48.85,50.376,51.901,53.144
1565,47.609,48.852,50.377,51.903,53.146
1566,47.61,48.853,50.379,51.904,53.147
1567,47.611,48.854,50.38,51.906,53.149
1568,47.613,48.856,50.382,51.907,53.151
1569,47.613,48.857,50.383,51.91,53.153
1570,47.615,48.858,50.385,51.911,53.155
1571,47.616,48.86,50.386,51.913,53.156
1572,47.618,48.861,50.388,51.914,53.158
1573,47.619,48.863,50.389,51.916,53.159
1574,47.621,48.864,50.391,51.917,53.161
1575,47.622,48.866,50.392,51.919,53.163
1576,47.623,48.867,50.394,51.92,53.164
1577,47.625,48.869,50.395,51.922,53.166
1578,47.626,48.87,50.397,51.924,53.167
1579,47.628,48.871,50.398,51.925,53.169
1580,47.628,48.872,50.4,51.927,53.172
1581,47.63,48.874,50.401,51.929,53.173
1582,47.631,48.875,50.403,51.93,53.175
1583,47.632,48.877,50.404,51.932,53.176
1584,47.634,48.878,50.406,51.933,53.178
1585,47.635,48.88,50.407,51.935,53.179
1586,47.637,48.881,50.409,51.936,53.181
1587,47.638,48.883,50.41,51.938,53.182
1588,47.639,48.884,50.412,51.939,53.184
1589,47.641,48.885,50.413,51.941,53.186
1590,47.641,48.886,50.415,51.943,53.188
1591,47.643,48.888,50.416,51.945,53.19
1592,47.644,48.889,50.418,51.946,53.191
1593,47.645,48.891,50.419,51.948,53.193
1594,47.647,48.892,50.421,51.949,53.194
1595,47.648,48.894,50.422,51.951,53.196
1596,47.65,48.895,50.424,51.952,53.198
1597,47.651,48.896,50.425,51.954,53.199
1598,47.652,48.898,50.427,51.955,53.201
1599,47.654,48.899,50.428,51.957,53.202
1600,47.655,48.901,50.43,51.958,53.204
1601,47.656,48.902,50.431,51.96,53.206
1602,47.657,48.903,50.432,51.962,53.208
1603,47.658,48.904,50.434,51.963,53.209
1604,47.66,48.906,50.435,51.965,53.211
1605,47.661,48.907,50.437,51.966,53.212
1606,47.663,48.909,50.438,51.968,53.214
1607,47.664,48.91,50.44,51.969,53.216
1608,47.665,48.912,50.441,51.971,53.217
1609,47.667,48.913,50.443,51.972,53.219
1610,47.668,48.914,50.444,51.974,53.22
1611,47.669,48.916,50.446,51.975,53.222
1612,47.67,48.917,50.447,51.977,53.224
1613,47.671,48.918,50.449,51.979,53.226
1614,47.673,48.92,50.45,51.98,53.227
1615,47.674,48.921,50.451,51.982,53.229
1616,47.675,48.922,50.453,51.983,53.23
1617,47.677,48.924,50.454,51.985,53.232
1618,47.678,48.925,50.456,51.986,53.233
1619,47.68,48.927,50.457,51.988,53.235
1620,47.681,48.928,50.459,51.989,53.236
1621,47.682,48.929,50.46,51.991,53.238
1622,47.684,48.931,50.462,51.992,53.24
1623,47.684,48.932,50.463,51.994,53.242
1624,47.685,48.933,50.465,51.996,53.244
1625,47.687,48.934,50.466,51.997,53.245
1626,47.688,48.936,50.467,51.999,53.247
1627,47.69,48.937,50.469,52,53.248
1628,47.691,48.939,50.47,52.002,53.25
1629,47.692,48.94,50.472,52.003,53.251
1630,47.694,48.941,50.473,52.005,53.253
1631,47.695,48.943,50.475,52.006,53.254
1632,47.696,48.944,50.476,52.008,53.256
1633,47.697,48.945,50.477,52.01,53.258
1634,47.698,48.947,50.479,52.011,53.26
1635,47.699,48.948,50.48,52.013,53.261
1636,47.701,48.949,50.482,52.014,53.263
1637,47.702,48.951,50.483,52.016,53.264
1638,47.703,48.952,50.485,52.017,53.266
1639,47.705,48.953,50.486,52.019,53.267
1640,47.706,48.955,50.487,52.02,53.269
1641,47.708,48.956,50.489,52.022,53.27
1642,47.709,48.958,50.49,52.023,53.272
1643,47.71,48.959,50.492,52.024,53.273
1644,47.711,48.96,50.493,52.026,53.276
1645,47.712,48.961,50.495,52.028,53.277
1646,47.713,48.963,50.496,52.029,53.279
1647,47.715,48.964,50.497,52.031,53.28
1648,47.716,48.965,50.499,52.032,53.282
1649,47.717,48.967,50.5,52.034,53.283
1650,47.719,48.968,50.502,52.035,53.285
1651,47.72,48.969,50.503,52.037,53.286
1652,47.721,48.971,50.505,52.038,53.288
1653,47.723,48.972,50.506,52.04,53.289
1654,47.724,48.974,50.507,52.041,53.291
1655,47.724,48.974,50.509,52.043,53.293
1656,47.726,48.976,50.51,52.044,53.295
1657,47.727,48.977,50.512,52.046,53.296
1658,47.728,48.978,50.513,52.047,53.297
1659,47.73,48.98,50.514,52.049,53.299
1660,47.731,48.981,50.516,52.05,53.3
1661,47.732,48.982,50.517,52.052,53.302
1662,47.734,48.984,50.519,52.053,53.303
1663,47.735,48.985,50.52,52.055,53.305
1664,47.736,48.987,50.521,52.056,53.306
1665,47.738,48.988,50.523,52.057,53.308
1666,47.738,48.989,50.524,52.059,53.31
1667,47.739,48.99,50.526,52.061,53.312
1668,47.741,48.991,50.527,52.062,53.313
1669,47.742,48.993,50.528,52.064,53.315
1670,47.743,48.994,50.53,52.065,53.316
1671,47.745,48.996,50.531,52.067,53.318
1672,47.746,48.997,50.533,52.068,53.319
1673,47.747,48.998,50.534,52.07,53.321
1674,47.749,49,50.535,52.071,53.322
1675,47.75,49.001,50.537,52.072,53.324
1676,47.751,49.002,50.538,52.074,53.325
1677,47.752,49.003,50.54,52.076,53.327
1678,47.753,49.004,50.541,52.077,53.329
1679,47.754,49.006,50.542,52.079,53.33
1680,47.755,49.007,50.544,52.08,53.332
1681,47.757,49.009,50.545,52.081,53.333
1682,47.758,49.01,50.546,52.083,53.335
1683,47.759,49.011,50.548,52.084,53.336
1684,47.761,49.012,50.549,52.086,53.338
1685,47.762,49.014,50.551,52.087,53.339
1686,47.763,49.015,50.552,52.089,53.341
1687,47.765,49.017,50.553,52.09,53.342
1688,47.766,49.018,50.555,52.091,53.343
1689,47.766,49.019,50.556,52.093,53.346
1690,47.768,49.02,50.557,52.095,53.347
1691,47.769,49.021,50.559,52.096,53.349
1692,47.77,49.023,50.56,52.098,53.35
1693,47.771,49.024,50.562,52.099,53.352
1694,47.773,49.025,50.563,52.1,53.353
1695,47.774,49.027,50.564,52.102,53.355
1696,47.775,49.028,50.566,52.103,53.356
1697,47.777,49.029,50.567,52.105,53.357
1698,47.778,49.031,50.568,52.106,53.359
1699,47.779,49.032,50.57,52.107,53.36
1700,47.78,49.033,50.571,52.109,53.363
1701,47.781,49.034,50.573,52.111,53.364
1702,47.782,49.035,50.574,52.112,53.366
1703,47.783,49.037,50.575,52.114,53.367
1704,47.785,49.038,50.577,52.115,53.368
1705,47.786,49.039,50.578,52.116,53.37
1706,47.787,49.041,50.579,52.118,53.371
1707,47.789,49.042,50.581,52.119,53.373
1708,47.79,49.043,50.582,52.121,53.374
1709,47.791,49.045,50.583,52.122,53.376
1710,47.792,49.046,50.585,52.123,53.377
1711,47.793,49.047,50.586,52.125,53.379
1712,47.794,49.048,50.587,52.127,53.381
1713,47.795,49.049,50.589,52.128,53.382
1714,47.797,49.051,50.59,52.13,53.384
1715,47.798,49.052,50.592,52.131,53.385
1716,47.799,49.053,50.593,52.132,53.387
1717,47.8,49.055,50.594,52.134,53.388
1718,47.802,49.056,50.596,52.135,53.389
1719,47.803,49.057,50.597,52.137,53.391
1720,47.804,49.059,50.598,52.138,53.392
1721,47.805,49.06,50.6,52.139,53.394
1722,47.806,49.061,50.601,52.141,53.396
1723,47.807,49.062,50.602,52.143,53.398
1724,47.808,49.063,50.604,52.144,53.399
1725,47.81,49.065,50.605,52.145,53.4
1726,47.811,49.066,50.606,52.147,53.402
1727,47.812,49.067,50.608,52.148,53.403
1728,47.813,49.068,50.609,52.15,53.405
1729,47.815,49.07,50.61,52.151,53.406
1730,47.816,49.071,50.612,52.152,53.407
1731,47.817,49.072,50.613,52.154,53.409
1732,47.819,49.074,50.614,52.155,53.41
1733,47.82,49.075,50.616,52.156,53.412
1734,47.82,49.076,50.617,52.158,53.414
1735,47.821,49.077,50.618,52.16,53.415
1736,47.823,49.078,50.62,52.161,53.417
1737,47.824,49.08,50.621,52.163,53.418
1738,47.825,49.081,50.622,52.164,53.42
1739,47.826,49.082,50.624,52.165,53.421
1740,47.828,49.084,50.625,52.167,53.423
1741,47.829,49.085,50.626,52.168,53.424
1742,47.83,49.086,50.628,52.169,53.425
1743,47.831,49.087,50.629,52.171,53.427
1744,47.833,49.089,50.63,52.172,53.428
1745,47.833,49.089,50.632,52.174,53.43
1746,47.834,49.091,50.633,52.175,53.432
1747,47.836,49.092,50.634,52.177,53.433
1748,47.837,49.093,50.636,52.178,53.435
1749,47.838,49.095,50.637,52.179,53.436
1750,47.839,49.096,50.638,52.181,53.438
1751,47.841,49.097,50.64,52.182,53.439
1752,47.842,49.098,50.641,52.184,53.44
1753,47.843,49.1,50.642,52.185,53.442
1754,47.844,49.101,50.644,52.186,53.443
1755,47.846,49.102,50.645,52.188,53.444
1756,47.846,49.103,50.646,52.19,53.447
1757,47.847,49.104,50.648,52.191,53.448
1758,47.848,49.106,50.649,52.192,53.45
1759,47.85,49.107,50.65,52.194,53.451
1760,47.851,49.108,50.652,52.195,53.452
1761,47.852,49.109,50.653,52.196,53.454
1762,47.853,49.111,50.654,52.198,53.455
1763,47.854,49.112,50.656,52.199,53.457
1764,47.856,49.113,50.657,52.2,53.458
1765,47.857,49.115,50.658,52.202,53.459
1766,47.858,49.116,50.66,52.203,53.461
1767,47.859,49.117,50.661,52.204,53.462
1768,47.86,49.118,50.662,52.206,53.464
1769,47.861,49.119,50.663,52.208,53.466
1770,47.862,49.12,50.665,52.209,53.467
1771,47.864,49.122,50.666,52.21,53.469
1772,47.865,49.123,50.667,52.212,53.47
1773,47.866,49.124,50.669,52.213,53.471
1774,47.867,49.126,50.67,52.214,53.473
1775,47.868,49.127,50.671,52.216,53.474
1776,47.87,49.128,50.673,52.217,53.476
1777,47.871,49.129,50.674,52.219,53.477
1778,47.872,49.131,50.675,52.22,53.478
1779,47.873,49.132,50.677,52.221,53.48
1780,47.874,49.133,50.678,52.223,53.482
1781,47.875,49.134,50.679,52.224,53.483
1782,47.876,49.135,50.68,52.226,53.485
1783,47.877,49.136,50.682,52.227,53.486
1784,47.879,49.138,50.683,52.228,53.487
1785,47.88,49.139,50.684,52.23,53.489
1786,47.881,49.14,50.686,52.231,53.49
1787,47.882,49.141,50.687,52.232,53.492
1788,47.883,49.143,50.688,52.234,53.493
1789,47.885,49.144,50.69,52.235,53.494
1790,47.886,49.145,50.691,52.236,53.496
1791,47.886,49.146,50.692,52.238,53.498
1792,47.887,49.147,50.693,52.24,53.499
1793,47.889,49.148,50.695,52.241,53.501
1794,47.89,49.15,50.696,52.242,53.502
1795,47.891,49.151,50.697,52.244,53.503
1796,47.892,49.152,50.699,52.245,53.505
1797,47.894,49.153,50.7,52.246,53.506
1798,47.895,49.155,50.701,52.248,53.508
1799,47.896,49.156,50.703,52.249,53.509
1800,47.897,49.157,50.704,52.25,53.51
1801,47.898,49.158,50.705,52.252,53.512
1802,47.9,49.16,50.706,52.253,53.513
1803,47.9,49.16,50.708,52.255,53.515
1804,47.901,49.162,50.709,52.256,53.517
1805,47.902,49.163,50.71,52.257,53.518
1806,47.904,49.164,50.712,52.259,53.519
1807,47.905,49.165,50.713,52.26,53.521
1808,47.906,49.167,50.714,52.262,53.522
1809,47.907,49.168,50.715,52.263,53.524
1810,47.908,49.169,50.717,52.264,53.525
1811,47.91,49.17,50.718,52.266,53.526
1812,47.911,49.172,50.719,52.267,53.528
1813,47.912,49.173,50.721,52.268,53.529
1814,47.913,49.174,50.722,52.269,53.53
1815,47.914,49.175,50.723,52.271,53.533
1816,47.915,49.176,50.724,52.273,53.534
1817,47.916,49.177,50.726,52.274,53.535
1818,47.917,49.179,50.727,52.275,53.537
1819,47.918,49.18,50.728,52.277,53.538
1820,47.92,49.181,50.73,52.278,53.539
1821,47.921,49.182,50.731,52.279,53.541
1822,47.922,49.184,50.732,52.281,53.542
1823,47.923,49.185,50.733,52.282,53.543
1824,47.924,49.186,50.735,52.283,53.545
1825,47.926,49.187,50.736,52.285,53.546
1826,47.927,49.189,50.737,52.286,53.548
1827,47.927,49.189,50.738,52.288,53.55
1828,47.928,49.19,50.74,52.289,53.551
1829,47.93,49.192,50.741,52.29,53.552
1830,47.931,49.193,50.742,52.292,53.554
1831,47.932,49.194,50.744,52.293,53.555
1832,47.933,49.195,50.745,52.294,53.556
1833,47.934,49.197,50.746,52.296,53.558
1834,47.936,49.198,50.747,52.297,53.559
1835,47.937,49.199,50.749,52.298,53.56
1836,47.938,49.2,50.75,52.299,53.562
1837,47.939,49.202,50.751,52.301,53.563
1838,47.939,49.202,50.752,52.303,53.565
1839,47.941,49.203,50.754,52.304,53.567
1840,47.942,49.205,50.755,52.305,53.568
1841,47.943,49.206,50.756,52.306,53.569
1842,47.944,49.207,50.758,52.308,53.571
1843,47.945,49.208,50.759,52.309,53.572
1844,47.947,49.21,50.76,52.31,53.573
1845,47.948,49.211,50.761,52.312,53.575
1846,47.949,49.212,50.763,52.313,53.576
1847,47.95,49.213,50.764,52.314,53.577
1848,47.951,49.215,50.765,52.316,53.579
1849,47.953,49.216,50.766,52.317,53.58
1850,47.953,49.216,50.768,52.319,53.582
1851,47.954,49.218,50.769,52.32,53.584
1852,47.955,49.219,50.77,52.321,53.585
1853,47.956,49.22,50.771,52.323,53.586
1854,47.958,49.221,50.773,52.324,53.588
1855,47.959,49.223,50.774,52.325,53.589
1856,47.96,49.224,50.775,52.327,53.59
